Workbook

Sheet GRADE 10 2026
A2: KIREMBE SECONDARY SCHOOL.
A3: REMEDIAL PAYMENTS GRADE 10 | I3: 1ST TERM | L3: 2ND TERM | P3: 3RD TERM
A4: NO. | C4: NAME | E4: DEBT | H4: REPAYMENT
D5: ARREAS | E5: 2026 | H5: JAN | I5: FEB | J5: MAR | K5: APR | L5: MAY | M5: JUN | N5: JUL | O5: AUG | P5: SEP | Q5: OCT | R5: NOV | S5: PRE PAID | T5: BALANCE
A6: 01 | B6: 1862 | C6: MODESTER ATIENO | E6: 2200 | P6: 1200 | T6: =D6+SUM(E6:F6)-SUM(H6:S6)
A7: 02 | B7: 1863 | C7: OWILA DORCUS | E7: 2200 | H7: 800 | L7: 500 | T7: =D7+SUM(E7:G7)-SUM(H7:S7)
A8: 03 | B8: 1865 | C8: NANCY AWINO | E8: 2200 | H8: 300 | T8: =D8+SUM(E8:G8)-SUM(H8:S8)
A9: 04 | B9: 1866 | C9: BLESSING WISHENGA | E9: 2200 | H9: 800 | N9: 1600 | T9: =D9+SUM(E9:G9)-SUM(H9:S9)
A10: 05 | B10: 1867 | C10: FAITH OWUOR | E10: 2200 | H10: 800 | T10: =D10+SUM(E10:G10)-SUM(H10:S10)
A11: 06 | B11: 1868 | C11: VALLARY AKOTH | E11: 2200 | H11: 800 | M11: 1300 | T11: =D11+SUM(E11:G11)-SUM(H11:S11)
A12: 07 | B12: 1871 | C12: MICHEL AKINYI | E12: 2200 | H12: 300 | N12: 500 | T12: =D12+SUM(E12:G12)-SUM(H12:S12)
A13: 08 | B13: 1875 | C13: GLORIA AKINYI | E13: 2200 | H13: 800 | T13: =D13+SUM(E13:G13)-SUM(H13:S13)
A14: 09 | B14: 1878 | C14: MIRIAM ATIENO | E14: 2200 | T14: =D14+SUM(E14:F14)-SUM(H14:S14)
A15: 10 | B15: 1880 | C15: MARY ATIENO | E15: 2200 | H15: 500 | N15: 1000 | T15: =D15+SUM(E15:F15)-SUM(H15:S15)
A16: 11 | B16: 1882 | C16: SHIVEL ACHIENG | E16: 2200 | T16: =D16+SUM(E16:G16)-SUM(H16:S16)
A17: 12 | B17: 1881 | C17: SILVIA AKINYI | E17: 2200 | H17: 800 | T17: =D17+SUM(E17:G17)-SUM(H17:S17)
A18: 13 | B18: 1886 | C18: ROSEMARY AWUOR | E18: 2200 | H18: 800 | T18: =D18+SUM(E18:G18)-SUM(H18:S18)
A19: 14 | B19: 1893 | C19: HANA ANYANGO | E19: 2200 | H19: 800 | T19: =D19+SUM(E19:G19)-SUM(H19:S19)
A20: 15 | B20: 1889 | C20: NICKOLE VALL | E20: 2200 | H20: 800 | T20: =D20+SUM(E20:G20)-SUM(H20:S20)
A21: 16 | B21: 1895 | C21: LAURINE ACHIENG | E21: 2200 | H21: 800 | T21: =D21+SUM(E21:G21)-SUM(H21:S21)
A22: 17 | B22: 1896 | C22: MACREEN CINDY | E22: 2200 | H22: 800 | M22: 1500 | T22: =D22+SUM(E22:F22)-SUM(H22:S22)
A23: 18 | B23: 1898 | C23: VELMA ANYANGO | E23: 2200 | H23: 600 | N23: 1000 | T23: =D23+SUM(E23:G23)-SUM(H23:S23)
A24: 19 | B24: 1899 | C24: SHYLLIN MORAA | E24: 2200 | H24: 0 | T24: =D24+SUM(E24:G24)-SUM(H24:S24)
A25: 20 | B25: 1903 | C25: FIONA FENNY | E25: 2200 | H25: 500 | T25: =D25+SUM(E25:G25)-SUM(H25:S25)
A26: 21 | B26: 1904 | C26: FAITH ADHIAMBO | E26: 2200 | H26: 0 | T26: =D26+SUM(E26:G26)-SUM(H26:S26)
A27: 23 | B27: 1908 | C27: MITCHEL AMONDI | E27: 2200 | T27: =D27+SUM(E27:F27)-SUM(H27:S27)
A28: 24 | B28: 1907 | C28: GRACE ADHIAMBO | E28: 2200 | H28: 800 | N28: 1100 | T28: =D28+SUM(E28:G28)-SUM(H28:S28)
A29: 25 | B29: 1909 | C29: MARY ATIENO | E29: 2200 | H29: 800 | T29: =D29+SUM(E29:G29)-SUM(H29:S29)
A30: 26 | B30: 1915 | C30: MACRINE AKINYI | E30: 2200 | H30: 800 | T30: =D30+SUM(E30:G30)-SUM(H30:S30)
A31: 27 | B31: 1916 | C31: ATIENO SHARON | E31: 2200 | H31: 400 | T31: =D31+SUM(E31:G31)-SUM(H31:S31)
C32: TOTAL | D32: =SUM(D6:D31) | E32: =SUM(E6:E31) | F32: =SUM(F6:F31) | G32: =SUM(G6:G31) | H32: =SUM(H6:H31) | I32: =SUM(I6:I31) | J32: =SUM(J6:J31) | K32: =SUM(K6:K31) | ... T32: =SUM(T6:T31)
A36: KIREMBE SECONDARY SCHOOL.
A37: REMEDIAL PAYMENTS GRADE 10 | I37: 1ST TERM | L37: 2ND TERM | P37: 3RD TERM
A38: NO. | B38: ADM | C38: NAME | E38: DEBT | H38: REPAYMENT
D39: ARREAS | E39: 2026 | H39: JAN | I39: FEB | J39: MAR | K39: APR | L39: MAY | M39: JUN | N39: JUL | O39: AUG | P39: SEP | Q39: OCT | R39: NOV | S39: PRE PAID | T39: BALANCE
B40: 1 | C40: BALANCE B/D | D40: =D32 | E40: =E32 | H40: =H32 | I40: =I32 | J40: =J32 | K40: =K32 | L40: =L32 | M40: =M32 | N40: =N32 | O40: =O32 | ... Q40: =Q32 | S40: =S32 | T40: =T32
A41: 28 | B41: 1918 | C41: VALICIA ANYANGO | E41: 2200 | H41: 500 | T41: =D41+SUM(E41:F41)-SUM(H41:S41)
A42: 29 | B42: 1920 | C42: OUMA MITCHELLE | E42: 2200 | T42: =D42+SUM(E42:G42)-SUM(H42:S42)
A43: 30 | B43: 1922 | C43: BLESSINGS ACHIENG | E43: 2200 | T43: =D43+SUM(E43:G43)-SUM(H43:S43)
A44: 31 | B44: 1923 | C44: BRENDA OTUMBA | E44: 2200 | T44: =D44+SUM(E44:G44)-SUM(H44:S44)
A45: 32 | T45: =D45+SUM(E45:G45)-SUM(H45:S45)
A46: 33 | T46: =D46+SUM(E46:F46)-SUM(H46:S46)
A47: 34 | T47: =D47+SUM(E47:G47)-SUM(H47:S47)
A48: 36 | T48: =D48+SUM(E48:G48)-SUM(H48:S48)
A49: 37 | T49: =D49+SUM(E49:G49)-SUM(H49:S49)
A50: 38 | T50: =D50+SUM(E50:G50)-SUM(H50:S50)
A51: 39 | T51: =D51+SUM(E51:G51)-SUM(H51:S51)
A52: 40 | T52: =D52+SUM(E52:G52)-SUM(H52:S52)
A53: 41 | T53: =D53+SUM(E53:G53)-SUM(H53:S53)
A54: 42 | T54: =D54+SUM(E54:G54)-SUM(H54:S54)
A55: 43 | T55: =D55+SUM(E55:G55)-SUM(H55:S55)
T56: =D56+SUM(E56:G56)-SUM(H56:S56)
T57: =D57+SUM(E57:G57)-SUM(H57:S57)
T58: =D58+SUM(E58:G58)-SUM(H58:S58)
C59: TOTAL | D59: =SUM(D40:D58) | E59: =SUM(E40:E58) | F59: =SUM(F40:F53) | G59: =SUM(G40:G53) | H59: =SUM(H40:H58)+J59 | I59: =SUM(I40:I58) | J59: =SUM(J40:J58) | K59: =SUM(K40:K53) | L59: =SUM(L40:L58) | M59: =SUM(M40:M58) | N59: =SUM(N40:N58) | O59: =SUM(O40:O58) | P59: =SUM(P40:P58) | Q59: =SUM(Q40:Q58) | R59: =SUM(R40:R58) | S59: =SUM(S40:S58) | T59: =SUM(T40:T58)
C64: TOTAL COLLECTION G10 GIRLS | E64: =H59
A68: KIREMBE SECONDARY SCHOOL.
A69: FEE REGISTER(LUNCH)2026 GRADE 10.C. | H69: 1ST TERM | M69: 2ND TERM | P69: 3RD TERM
A70: NO. | B70: ADM | C70: NAME | E70: DEBT | H70: REPAYMENT
D71: ARREAS | E71: 2026 | H71: JAN | I71: FEB | J71: MAR | K71: APR | L71: MAY | M71: JUN | N71: JUL | O71: AUG | P71: SEP | Q71: OCT | R71: NOV | S71: PRE PAID | T71: BALANCE
C72: BAL CARRIED DOWN | D72: =D59 | E72: =E59 | H72: =H59 | I72: =I59 | J72: =J59 | K72: =K59 | L72: =L59 | M72: =M59 | N72: =N59 | O72: =O59 | ... Q72: =Q59 | S72: =S59 | T72: =T59
A73: 1 | B73: 1860 | C73: DANIEL ONYANGO | E73: 2200 | H73: 800 | M73: 700
A74: 2 | B74: 1864 | C74: CALEB MUGA | E74: 2200 | H74: 800 | M74: 1600 | T74: =D74+SUM(E74:G74)-SUM(H74:S74)
A75: 3 | B75: 1861 | C75: RONNIE OTIENO | E75: 2200 | H75: 800 | T75: =D75+SUM(E75:G75)-SUM(H75:S75)
A76: 4 | B76: 1869 | C76: MACDAGASCOS ODONGO | E76: 2200 | H76: 800 | T76: =D76+SUM(E76:G76)-SUM(H76:S76)
A77: 5 | B77: 1870 | C77: EVANS OCHIENG | E77: 2200 | H77: 800 | T77: =D77+SUM(E77:G77)-SUM(H77:S77)
A78: 6 | B78: 1872 | C78: MOSES OTIENO | E78: 2200 | F78: 500 | H78: 500 | T78: =D78+SUM(E78:G78)-SUM(H78:S78)
A79: 7 | B79: 1873 | C79: CHRIS SMALING | E79: 2200 | F79: 800 | H79: 800 | T79: =D79+SUM(E79:G79)-SUM(H79:S79)
A80: 8 | B80: 1874 | C80: DAVID OCHIENG | E80: 2200 | H80: 800 | T80: =D80+SUM(E80:G80)-SUM(H80:S80)
A81: 9 | B81: 1876 | C81: MOSES OMONDI | E81: 2200 | H81: 500 | T81: =D81+SUM(E81:G81)-SUM(H81:S81)
A82: 10 | B82: 1877 | C82: VINCENT OTIENO | E82: 2200 | H82: 800 | M82: 1200 | T82: =D82+SUM(E82:G82)-SUM(H82:S82)
A83: 11 | B83: 1879 | C83: BENARD JUMA | E83: 2200 | H83: 0 | T83: =D83+SUM(E83:G83)-SUM(H83:S83)
A84: 12 | B84: 1883 | C84: ADRIAN OCHIENG | E84: 2200 | H84: 800 | T84: =D84+SUM(E84:G84)-SUM(H84:S84)
A85: 13 | B85: 1884 | C85: BRIAN ODHIAMBO | E85: 2200 | H85: 800 | M85: 1600 | T85: =D85+SUM(E85:G85)-SUM(H85:S85)
A86: 14 | B86: 1885 | C86: VINCENT OMONDI | E86: 2200 | H86: 300 | T86: =D86+SUM(E86:G86)-SUM(H86:S86)
A87: 15 | B87: 1887 | C87: MOHAMED AHMED | E87: 2200 | N87: 800
A88: 16 | B88: 1888 | C88: WASONGA CHARLSE | E88: 2200 | H88: 800 | T88: =D88+SUM(E88:G88)-SUM(H88:S88)
A89: 17 | B89: 1894 | C89: SHALTON OCHIENG | E89: 2200 | H89: 800 | T89: =D89+SUM(E89:G89)-SUM(H89:S89)
A90: 18 | B90: 1897 | C90: BENJAMIN ETYANG | E90: 2200 | H90: 800 | T90: =D90+SUM(E90:G90)-SUM(H90:S90)
A91: 19 | B91: 1900 | C91: BRIAN ODHIAMBO | E91: 2200 | H91: 100 | T91: =D91+SUM(E91:G91)-SUM(H91:S91)
A92: 20 | B92: 1901 | C92: BRIAN ODHIAMBO | E92: 2200 | H92: 800 | N92: 1300 | T92: =D92+SUM(E92:G92)-SUM(H92:S92)
A93: 21 | B93: 1902 | C93: HEMEDY OCHIENG | E93: 2200 | H93: 1000 | M93: 800 | T93: =D93+SUM(E93:F93)-SUM(H93:S93)
A94: 22 | B94: 1905 | C94: WALTER OPIYO | E94: 2200 | T94: =D94+SUM(E94:F94)-SUM(H94:S94)
A95: 23 | B95: 1906 | C95: OKOTH FELEX | E95: 2200 | H95: 800 | T95: =D95+SUM(E95:G95)-SUM(H95:S95)
A96: 24 | B96: 1910 | C96: ELVIS OTIENO | E96: 2200 | H96: 800 | T96: =D96+SUM(E96:G96)-SUM(H96:S96)
A97: 25 | B97: 1911 | C97: VINCENT OUMA | E97: 2200 | H97: 0 | T97: =D97+SUM(E97:G97)-SUM(H97:S97)
A98: 26 | B98: 1919 | C98: BARRACK OYOO | E98: 2200 | H98: 800 | T98: =D98+SUM(E98:G98)-SUM(H98:S98)
A99: 27 | B99: 1927 | C99: JOHN OMUOYO | E99: 2200 | H99: 0 | T99: =D99+SUM(E99:G99)-SUM(H99:S99)
A100: 28 | B100: 1928 | C100: STEVE RONY | E100: 2200 | F100: 600 | H100: 600 | T100: =D100+SUM(E100:G100)-SUM(H100:S100)
C101: TOTAL | D101: =SUM(D72:D99) | E101: =SUM(E72:E99) | F101: =SUM(F72:F92) | G101: =SUM(G72:G92) | H101: =SUM(H72:H100) | I101: =SUM(I72:I99) | J101: =SUM(J72:J99) | K101: =SUM(K72:K99) | L101: =SUM(L72:L99) | M101: =SUM(M72:M99) | N101: =SUM(N72:N99) | O101: =SUM(O72:O99) | P101: =SUM(P72:P99) | Q101: =SUM(Q72:Q99) | S101: =SUM(S72:S99) | T101: =SUM(T72:T100)
C103: TOTAL COLLECTION G10 Boys | E103: =K103-H59 | J103: 16900 | K103: 31000
A104: 2
A105: FEE REGISTER(LUNCH)2026 GRADE 10 | H105: 1ST TERM | M105: 2ND TERM | P105: 3RD TERM
A106: NO. | B106: ADM | C106: NAME | E106: DEBT | H106: REPAYMENT
D107: ARREAS | E107: 2026 | H107: JAN | I107: FEB | J107: MAR | K107: APR | L107: MAY | M107: JUN | N107: JUL | O107: AUG | P107: SEP | Q107: OCT | R107: NOV | S107: PRE PAID | T107: BALANCE
D108: =D101 | E108: =E101 | H108: =H101 | I108: =I101 | J108: =J101 | K108: =K101 | L108: =L101 | M108: =M101 | N108: =N101 | O108: =O101 | ... Q108: =Q101 | S108: =S101 | T108: =T101
A109: 29 | T109: =D109+SUM(E109:G109)-SUM(H109:S109)
A110: 30 | T110: =D110+SUM(E110:G110)-SUM(H110:S110)
A111: 31 | T111: =D111+SUM(E111:G111)-SUM(H111:S111)
A112: 32 | T112: =D112+SUM(E112:G112)-SUM(H112:S112)
...

Sheet FORM 2 2025
A1: KIREMBE SECONDARY SCHOOL.
A2: REMEDIAL PAYMENT (FORM 2 A) 2025 | I2: 1ST TERM | L2: 2ND TERM | P2: 3RD TERM
A3: NO. | B3: ADM | C3: NAME | E3: DEBT | H3: REPAYMENT
D4: ARREAS | E4: 2025 | H4: JAN | I4: FEB | J4: MAR | K4: APR | L4: MAY | M4: JUN | N4: JUL | O4: AUG | P4: SEP | Q4: OCT | R4: NOV | S4: PRE PAID | T4: BALANCE
A5: 01 | B5: 1710 | C5: MARY ATIENO | E5: 2200 | H5: 2400 | T5: ='FORM 2 2025'!D5
A6: 02 | B6: 1712 | C6: ASHA LATIFA | E6: 2200 | T6: =D6+SUM(E6:G6)-SUM(H6:S6)
A7: 03 | B7: 1713 | C7: IVY AWUOR | E7: 2200 | T7: =D7+SUM(E7:G7)-SUM(H7:S7)
A8: 04 | B8: 1716 | C8: JANE AKINYI | E8: 2200 | L8: 400 | M8: 200 | T8: =D8+SUM(E8:G8)-SUM(H8:S8)
A9: 05 | B9: 1717 | C9: WILFRIDA ANYANGO | D9: 1400 | E9: 2200 | H9: 1400 | J9: 600 | T9: =D9+SUM(E9:G9)-SUM(H9:S9)
A10: 06 | B10: 1720 | C10: EFFEY IDA ACHIENG | E10: 2200 | T10: =D10+SUM(E10:G10)-SUM(H10:S10)
A11: 07 | B11: 1722 | C11: MARION ANYANGO | E11: 2200 | T11: =D11+SUM(E11:G11)-SUM(H11:S11)
A12: 08 | B12: 1727 | C12: LYDIA AWUOR | E12: 2200 | T12: =D12+SUM(E12:G12)-SUM(H12:S12)
A13: 09 | B13: 1737 | C13: STACY ACHIENG | E13: 2200 | T13: =D13+SUM(E13:G13)-SUM(H13:S13)
A14: 11 | B14: 1747 | C14: CHRISTINE ATIENO | E14: 2200 | T14: =D14+SUM(E14:G14)-SUM(H14:S14)
A15: 12 | B15: 1748 | C15: PAMELA AKINYI | E15: 2200 | T15: =D15+SUM(E15:G15)-SUM(H15:S15)
A16: 13 | B16: 1752 | C16: LAVINA INZIANI | E16: 2200 | H16: 300 | I16: 100 | J16: 500 | P16: 500 | T16: =D16+SUM(E16:G16)-SUM(H16:S16)
A17: 14 | B17: 1754 | C17: IRENE AKOTH | E17: 2200 | T17: =D17+SUM(E17:G17)-SUM(H17:S17)
A18: 15 | B18: 1756 | C18: BERYL ATIENO | E18: 2200 | T18: =D18+SUM(E18:G18)-SUM(H18:S18)
A19: 16 | B19: 1757 | C19: CHRISTINE ACHIENG | E19: 2200 | P19: 1400 | T19: =D19+SUM(E19:G19)-SUM(H19:S19)
A20: 17 | B20: 1758 | C20: SHELVIA AKINYI | E20: 2200 | M20: 200 | T20: =D20+SUM(E20:G20)-SUM(H20:S20)
A21: 18 | B21: 1766 | C21: PURITY AWUOR | E21: 2200 | H21: 200 | T21: =D21+SUM(E21:G21)-SUM(H21:S21)
A22: 19 | B22: 1767 | C22: IRENE AKINYI | E22: 2200 | L22: 500 | N22: 700 | P22: 500 | T22: =D22+SUM(E22:G22)-SUM(H22:S22)
A23: 20 | B23: 1770 | C23: IDA ACHIENG | D23: 1100 | E23: 2200 | H23: 1100 | T23: =D23+SUM(E23:G23)-SUM(H23:S23)
A24: 21 | B24: 1772 | C24: VALLARY AUMA | E24: 2200 | H24: 300 | T24: =D24+SUM(E24:G24)-SUM(H24:S24)
A25: 15 | B25: 1774 | C25: DAVINE AWUOR | E25: 2200 | T25: =D25+SUM(E25:G25)-SUM(H25:S25)
A26: 23 | B26: 1781 | C26: LOREEN ATARO | D26: 600 | E26: 2200 | H26: 600 | I26: 2000 | J26: 1000 | T26: =D26+SUM(E26:G26)-SUM(H26:S26)
A27: 24 | B27: 1783 | C27: VIOLET AKINYI AKUKU | E27: 2200 | T27: =D27+SUM(E27:G27)-SUM(H27:S27)
A28: 25 | B28: 1786 | C28: MAGRET AKINYI | E28: 2200 | T28: =D28+SUM(E28:G28)-SUM(H28:S28)
A29: 26 | B29: 1787 | C29: SUSAN ADHIAMBO | E29: 2200 | H29: 200 | J29: 200 | T29: =D29+SUM(E29:G29)-SUM(H29:S29)
A30: 27 | B30: 1789 | C30: PEREZ ATIENO | D30: 900 | E30: 3100
C31: TOTAL | D31: =SUM(D5:D30) | E31: =SUM(E5:E30) | F31: =SUM(F5:F30) | G31: =SUM(G5:G30) | H31: =SUM(H5:H30) | I31: =SUM(I5:I30) | J31: =SUM(J5:J30) | K31: =SUM(K5:K30) | ... T31: =SUM(T5:T30)
A35: KIREMBE SECONDARY SCHOOL.
A36: REMEDIAL PAYMENTS (FORM 2 A) 2025 | I36: 1ST TERM | L36: 2ND TERM | P36: 3RD TERM
A37: NO. | B37: ADM | C37: NAME | E37: DEBT | H37: REPAYMENT
D38: ARREAS | E38: 2025 | H38: JAN | I38: FEB | J38: MAR | K38: APR | L38: MAY | M38: JUN | N38: JUL | O38: AUG | P38: SEP | Q38: OCT | R38: NOV | S38: PRE PAID | T38: BALANCE
B39: 1 | C39: BALANCE B/D | D39: =D31 | E39: =E31 | H39: =H31 | I39: =I31 | J39: =J31 | K39: =K31 | L39: =L31 | M39: =M31 | N39: =N31 | O39: =O31 | ... Q39: =Q31 | S39: =S31 | T39: =T31
A40: 28 | B40: 1793 | C40: STACY ADHIAMBO | E40: 2200 | H40: 0 | T40: =D40+SUM(E40:G40)-SUM(H40:S40)
A41: 29 | B41: 1794 | C41: SCOVIAN AKINYI | E41: 2200 | H41: 0 | T41: =D41+SUM(E41:G41)-SUM(H41:S41)
A42: 30 | B42: 1797 | C42: LUDY ATIENO | E42: 2200 | H42: 0 | N42: 800 | T42: =D42+SUM(E42:G42)-SUM(H42:S42)
A43: 31 | B43: 1802 | C43: STACY .A.OTUOMA | D43: 600 | E43: 2200 | H43: 800 | I43: 800 | T43: =D43+SUM(E43:G43)-SUM(H43:S43)
A44: 32 | B44: 1815 | C44: RECHO ATIENO | E44: 2200 | H44: 0 | T44: =D44+SUM(E44:G44)-SUM(H44:S44)
A45: 33 | B45: 1818 | C45: MILDRED ATIENO | E45: 2200 | H45: 0 | T45: =D45+SUM(E45:F45)-SUM(H45:S45)
A46: 34 | B46: 1819 | C46: MITCHEL ATIENO | E46: 2200 | H46: 0 | T46: =D46+SUM(E46:G46)-SUM(H46:S46)
A47: 36 | B47: 1828 | C47: JANE ATIENO | E47: 2200 | H47: 800 | T47: =D47+SUM(E47:G47)-SUM(H47:S47)
A48: 37 | B48: 1831 | C48: TRACY A OCHIENG | E48: 2200 | H48: 750 | T48: =D48+SUM(E48:G48)-SUM(H48:S48)
A49: 38 | B49: 1836 | C49: EDEL ATIENO | E49: 2200 | H49: 0 | T49: =D49+SUM(E49:G49)-SUM(H49:S49)
A50: 39 | B50: 1839 | C50: CAROLINE AKINYI | E50: 2200 | H50: 0 | T50: =D50+SUM(E50:G50)-SUM(H50:S50)
A51: 40 | B51: 1840 | C51: LATIFA ABUBAKAR | E51: 2200 | H51: 0 | T51: =D51+SUM(E51:G51)-SUM(H51:S51)
A52: 41 | B52: 1844 | C52: BETTY ODERA | E52: 2200 | H52: 0 | P52: 600 | T52: =D52+SUM(E52:G52)-SUM(H52:S52)
A53: 42 | B53: 1846 | C53: MITCHEL AUMA | E53: 2200 | H53: 0 | P53: 800 | T53: =D53+SUM(E53:G53)-SUM(H53:S53)
A54: 43 | B54: 1851 | C54: LIZA BROWN | E54: 2200 | H54: 0 | T54: =D54+SUM(E54:G54)-SUM(H54:S54)
A55: 44 | B55: 1858 | C55: JOY AKINYI | E55: 2200 | H55: 0 | T55: =D55+SUM(E55:G55)-SUM(H55:S55)
A56: 45 | B56: 1912 | C56: ATIENO CHERYL | H56: 0 | T56: =D56+SUM(E56:G56)-SUM(H56:S56)
A57: 44 | B57: 1913 | C57: ONYANGO EVLYNE | H57: 0 | T57: =D57+SUM(E57:G57)-SUM(H57:S57)
A58: 46 | B58: 1914 | C58: GRACE ATIENO | H58: 0 | T58: =D58+SUM(E58:G58)-SUM(H58:S58)
H59: 0
H60: 0
H61: 0 | T61: =D61+SUM(E61:G61)-SUM(H61:S61)
H62: 0
H63: 0
H64: 0
H65: 0
H66: 0
H67: 0
H68: 0
H69: 0
H70: 0
H71: 0
H72: 0
H73: 0
H74: 0
C76: TOTAL | D76: =SUM(D39:D61) | E76: =SUM(E39:E61) | F76: =SUM(F39:F52) | G76: =SUM(G39:G52) | H76: =SUM(H39:H61) | I76: =SUM(I39:I61) | J76: =SUM(J39:J61) | K76: =SUM(K39:K52) | L76: =SUM(L39:L61) | M76: =SUM(M39:M61) | N76: =SUM(N39:N61) | O76: =SUM(O39:O61) | P76: =SUM(P39:P61) | Q76: =SUM(Q39:Q61) | R76: =SUM(R39:R61) | S76: =SUM(S39:S61) | T76: =SUM(T39:T61)
C79: TOTAL COLLECTION 2025 (2A) | D79: =SUM(H76,I76,J76,K76,L76,M76,N76,O76,P76,Q76,R76)+E79 | E79: 22150 | F79: 7100
A99: KIREMBE SECONDARY SCHOOL.
A100: REMEDIAL PAYMENT 2025 FORM 3 C | H100: 1ST TERM | M100: 2ND TERM | P100: 3RD TERM
A101: NO. | B101: ADM | C101: NAME | E101: DEBT | H101: REPAYMENT
D102: ARREAS | E102: 2025 | H102: JAN | I102: FEB | J102: MAR | K102: APR | L102: MAY | M102: JUN | N102: JUL | O102: AUG | P102: SEP | Q102: OCT | R102: NOV | S102: PRE PAID | T102: BALANCE
D103: =D76 | E103: =E76 | H103: =H76 | I103: =I76 | J103: =J76 | K103: =K76 | L103: =L76 | M103: =M76 | N103: =N76 | O103: =O76 | ... Q103: =Q76 | S103: =S76 | T103: =T76
B104: 1652 | C104: BONVENTURE ODHIAMBO | E104: 2200 | H104: 0 | I104: 0 | J104: 100 | T104: =D104+SUM(E104:G104)-SUM(H104:S104)
A105: 1 | B105: 1708 | C105: JAMES OMONDI | E105: 2200 | H105: 0 | I105: 0 | T105: =D105+SUM(E105:G105)-SUM(H105:S105)
A106: 2 | B106: 1709 | C106: VINNIE NGACHARA | E106: 2200 | H106: 400 | J106: 400
A107: 3 | B107: 1711 | C107: RAJAB OMONDI | E107: 2200 | H107: 0 | I107: 0 | T107: =D107+SUM(E107:G107)-SUM(H107:S107)
A108: 140 | B108: 1714 | C108: JOANES OUKO | E108: 2200 | H108: 0 | I108: 0 | T108: =D108+SUM(E108:G108)-SUM(H108:S108)
A109: 5 | B109: 1715 | C109: MICHAEL OCHIENG | E109: 2200 | H109: 0 | I109: 0 | T109: =D109+SUM(E109:G109)-SUM(H109:S109)
A110: 6 | B110: 1718 | C110: HILARY OTIENO | E110: 2200 | H110: 0 | I110: 0 | T110: =D110+SUM(E110:G110)-SUM(H110:S110)
A111: 7 | B111: 1719 | C111: TONY OTIENO | E111: 2200 | H111: 0 | I111: 0 | T111: =D111+SUM(E111:G111)-SUM(H111:S111)
A112: 8 | B112: 1721 | C112: FIDEL CLINTON | E112: 2200 | H112: 0 | I112: 0 | T112: =D112+SUM(E112:G112)-SUM(H112:S112)
A113: 9 | B113: 1724 | C113: DANIEL OMINDE | E113: 2200 | H113: 0 | I113: 0 | T113: 9050
A114: 10 | B114: 1725 | C114: MICHAEL SULE | E114: 2200 | I114: 0 | J114: 500 | T114: =D114+SUM(E114:G114)-SUM(H114:S114)
A115: 11 | B115: 1726 | C115: MACLAREN KYALO | E115: 2200 | H115: 0 | I115: 0 | T115: =D115+SUM(E115:G115)-SUM(H115:S115)
A116: 12 | B116: 1728 | C116: PATRICK OCHIENG | E116: 2200 | H116: 0 | I116: 0 | T116: =D116+SUM(E116:G116)-SUM(H116:S116)
A117: 14 | B117: 1730 | C117: EMMANUEL ODHIAMBO | E117: 2200 | H117: 0 | I117: 0 | T117: =D117+SUM(E117:G117)-SUM(H117:S117)
A118: ` | B118: 1731 | C118: EMMANUEL OCHIENG | E118: 2200 | H118: 0 | I118: 0 | T118: =D118+SUM(E118:G118)-SUM(H118:S118)
A119: 16 | B119: 1732 | C119: MOURICE OUMA | E119: 2200 | H119: 0 | I119: 0 | T119: =D119+SUM(E119:G119)-SUM(H119:S119)
A120: 17 | B120: 1733 | C120: BILL CLINTON | E120: 2200 | H120: 0 | I120: 0 | T120: =D120+SUM(E120:G120)-SUM(H120:S120)
A121: 18 | B121: 1734 | C121: EVANCE ODHIAMBO | E121: 2200 | H121: 0 | I121: 0 | T121: =D121+SUM(E121:G121)-SUM(H121:S121)
A122: 19 | B122: 1735 | C122: BROLING OBONG'O | D122: 700 | E122: 2200 | H122: 500 | I122: 0 | T122: =D122+SUM(E122:G122)-SUM(H122:S122)
A123: 20 | B123: 1736 | C123: HENRY OKETCH | E123: 2200 | H123: 0 | I123: 0 | T123: =D123+SUM(E123:G123)-SUM(H123:S123)
A124: 21 | B124: 1738 | C124: RENSON ODHIAMBO | E124: 2200 | H124: 0 | I124: 0 | T124: =D124+SUM(E124:G124)-SUM(H124:S124)
A125: 22 | B125: 1739 | C125: DANCAN OWINO | D125: 1600 | E125: 2200 | H125: 1000 | I125: 0 | T125: =D125+SUM(E125:G125)-SUM(H125:S125)
...

Sheet FORM 3 2025
C1: KIREMBE SECONDARY SCHOOL.
C2: FEE REGISTER(LUNCH)2025 FORM 3 A | S2: 1ST TERM | V2: 2ND TERM | Z2: 3RD TERM
C3: NO. | D3: ADM | E3: NAME | G3: DEBT | R3: REPAYMENT
F4: ARREAS | G4: 2025 | R4: JAN | S4: FEB | T4: MAR | U4: APR | V4: MAY | W4: JUN | X4: JUL | Y4: AUG | Z4: SEP | AA4: OCT | AB4: NOV | AC4: PRE PAID | AD4: BALANCE
C5: 1 | D5: 1594 | E5: MARY ANYANGO | F5: 2000 | G5: 2200 | AD5: 4200
C6: 2 | D6: 1607 | E6: ELIZABETH ACHIENG | F6: 0 | G6: 2200 | AD6: 2200
C7: 3 | D7: 1608 | E7: MICHELLE .M.AKWARE | F7: 1000 | G7: 2200 | AD7: 3200
C8: 4 | D8: 1610 | E8: BENEDETTE AWINO | F8: 1400 | G8: 2200 | AD8: 3600
C9: 5 | D9: 1613 | E9: IDA ADHIAMBO | F9: 0 | G9: 2200 | AB9: 300 | AD9: 1900
C10: 6 | D10: 1614 | E10: MILLICENT .A. ONDU | F10: 0 | G10: 2200 | V10: 800 | X10: 150 | Z10: 600 | AD10: 650
C11: 7 | D11: 1618 | E11: YVONE ACHIENG | F11: 2000 | G11: 2200 | AD11: 4200
C12: 8 | D12: 1619 | E12: JANET ODANYA | F12: 900 | G12: 2200 | R12: 1000 | AD12: 2100
C13: 9 | D13: 1622 | E13: PAULINE ADHIAMBO | F13: 300 | G13: 2200 | X13: 800 | AD13: 1700
C14: 10 | D14: 1623 | E14: EFFIE AWINO | F14: 0 | G14: 2200 | R14: 200 | T14: 500 | V14: 650 | X14: 150 | AB14: 1500 | AD14: -800
C15: 11 | D15: 1626 | E15: MARCY ADHIAMBO | F15: 2200 | G15: 2200 | AD15: 4400
C16: 12 | D16: 1628 | E16: ANN MICHELL OCHUKA | F16: 0 | G16: 2200 | T16: 800 | V16: 800 | X16: 400 | AB16: 500 | AD16: -300
C17: 13 | D17: 1631 | E17: EVERLYNE ATIENO | F17: 1500 | G17: 2200 | V17: 200 | AD17: 3500
C18: 14 | D18: 1642 | E18: FLORENCE ATIENO | F18: 200 | G18: 2200 | R18: 100 | V18: 600 | AD18: 1700
C19: 15 | D19: 1643 | E19: JOYCE ATIENO | F19: 800 | G19: 2200 | V19: 600 | AB19: 800 | AD19: 1600
C20: 16 | D20: 1644 | E20: ANNA ATIENO OTIENO | F20: 2000 | G20: 2200 | AD20: 4200
C21: 17 | D21: 1646 | E21: JULIAN ADONGO | F21: 0 | G21: 2200 | R21: 800 | V21: 600 | AD21: 800
C22: 18 | D22: 1648 | E22: BECKY AKINYI | F22: 1650 | G22: 2200 | AD22: 3850
C23: 19 | D23: 1649 | E23: VIVIAN AYAKO | F23: 0 | G23: 2200 | V23: 1600 | AD23: 600
C24: 20 | D24: 1654 | E24: MITCHEL AUMA | F24: 1750 | G24: 2200 | X24: 500 | AD24: 3450
C25: 21 | D25: 1655 | E25: MILLICENT OCHUKA | F25: 1400 | G25: 2200 | R25: 200 | AD25: 3000
C26: 22 | D26: 1660 | E26: FAITH MARION | F26: 1050 | G26: 2200 | AD26: 3250
C27: 23 | D27: 1661 | E27: LILIAN ADONGO | F27: 950 | G27: 2200 | AD27: 3150
C28: 24 | D28: 1662 | E28: MARCELINE AWUOR | F28: 1800 | G28: 2200 | AD28: 4000
C29: 25 | D29: 1665 | E29: BRENDA AWUOR | F29: 300 | G29: 2200 | AD29: 2500
C30: 26 | D30: 1666 | E30: PAMELA AOKO | F30: 2000 | G30: 2200 | AD30: 4200
E31: TOTAL | F31: =SUM(F5:F30) | G31: =SUM(G5:G30) | H31: =SUM(H5:H23) | I31: =SUM(I5:I23) | J31: =SUM(J5:J23) | K31: =SUM(K5:K23) | L31: =SUM(L5:L23) | M31: =SUM(M5:M23) | N31: =SUM(N5:N23) | O31: =SUM(O5:O23) | ... Q31: =SUM(Q5:Q23) | R31: =SUM(R5:R30) | S31: =SUM(S5:S30) | T31: =SUM(T5:T30) | U31: =SUM(U5:U30) | V31: =SUM(V5:V30) | W31: =SUM(W5:W30) | X31: =SUM(X5:X30) | Y31: =SUM(Y5:Y30) | ... AD31: =SUM(AD5:AD30)
C33: KIREMBE SECONDARY SCHOOL.
C34: FEE REGISTER(LUNCH)2025 FORM 3A | S34: 1ST TERM | V34: 2ND TERM | Z34: 3RD TERM
C35: NO. | D35: ADM | E35: NAME | G35: DEBT | R35: REPAYMENT
F36: ARREAS | G36: 2025 | R36: JAN | S36: FEB | T36: MAR | U36: APR | V36: MAY | W36: JUN | X36: JUL | Y36: AUG | Z36: SEP | AA36: OCT | AB36: NOV | AC36: PRE PAID | AD36: BALANCE
F37: =F31 | G37: =G31 | R37: =R31 | S37: =S31 | T37: =T31 | U37: =U31 | V37: =V31 | W37: =W31 | X37: =X31 | Y37: =Y31 | Z37: =Z31 | AC37: =AC31 | AD37: =AD31
C38: 27 | D38: 1667 | E38: PHILISTER ATIENO | F38: 500 | G38: 2200 | AD38: 2700
C39: 28 | D39: 1668 | E39: REHEMA ACHIENG | F39: 1150 | G39: 2200 | T39: 300 | AD39: 3050
C40: 29 | D40: 1672 | E40: MORREL AKINYI | F40: 1900 | G40: 2200 | AD40: 4100
C41: 30 | D41: 1676 | E41: CYNTHIA WEKESA | F41: 1250 | G41: 2200 | R41: 100 | Z41: 300 | AD41: 3050
C42: 31 | D42: 1677 | E42: VIVIAN JEBET | F42: 0 | G42: 2200 | V42: 100 | AD42: 2100
C43: 32 | D43: 1680 | E43: JONNEL ASINA | F43: 2000 | G43: 2200 | AD43: 4200
C44: 33 | D44: 1681 | E44: EMMECULATE AWUOR | F44: 2000 | G44: 2200 | AD44: 4200
C45: 34 | D45: 1683 | E45: LUCY ANYANGO | F45: 900 | G45: 2200 | AD45: 3100
C46: 35 | D46: 1684 | E46: PURITY AKINYI | F46: 2000 | G46: 2200 | AD46: 4200
C47: 36 | D47: 1686 | E47: TRIZER ATIENO | F47: 1200 | G47: 2200 | R47: 200 | V47: 200 | X47: 200 | AD47: 2800
C48: 37 | D48: 1687 | E48: MAUREEN OUMA | F48: 1800 | G48: 2200 | T48: 200 | AD48: 3800
C49: 38 | D49: 1691 | E49: WHITNEY OCCHIENG | F49: 1600 | G49: 2200 | AD49: 3800
C50: ww | D50: 1692 | E50: SAUMU AWINO | F50: 1400 | G50: 2200 | AD50: 3600
C51: 40 | D51: 1694 | E51: MARYANE ACHIENG | F51: 1800 | G51: 2200 | AD51: 4000
C52: 41 | D52: 1697 | E52: VIVIAN AOKO | F52: 300 | G52: 2200 | V52: 600 | AD52: 1900
C53: 42 | D53: 1703 | E53: VANESSA AWINO | F53: 0 | G53: 2200 | AD53: 2200
C54: 43 | D54: 1773 | E54: VERONICA ANINDO | F54: 0 | G54: 2200 | V54: 1500 | AD54: 700
C55: 44 | D55: 1806 | E55: IDA AKINYI | F55: 0 | G55: 2200 | R55: 200 | T55: 400 | Z55: 300 | AB55: 1300 | AD55: 0
C56: 45 | D56: 1811 | E56: FLORENCE ODHIAMBO | F56: 950 | G56: 2200 | T56: 250 | AD56: 2900
C57: 46 | D57: 1814 | E57: SHEILA AKOTH | F57: 1000 | G57: 2200 | R57: 500 | AD57: 2700
C58: 47 | D58: 1816 | E58: MELVIN AWINO | F58: 200 | G58: 2200 | AD58: 2400
C59: 49 | D59: 1832 | E59: BENTER ANYANGO | F59: 0 | G59: 2200 | T59: 700 | AD59: 1500
C60: 50 | D60: 1835 | E60: HAIRIA AKUMU | F60: 0 | G60: 2200 | AB60: 800 | AD60: 1400
C61: 51 | D61: 1847 | E61: STACY AUMA | F61: 0 | G61: 2200 | AD61: 2200
C62: 52 | D62: 1849 | E62: MACRINE AUMA | F62: 0 | G62: 2200 | AB62: 800 | AD62: 1400
C63: 53 | D63: 1850 | E63: SHARON WESONGA | F63: 0 | G63: 2200 | AD63: 2200
C64: 55 | D64: 1852 | E64: MONICA OUMA | F64: 0 | G64: 2200 | AB64: 600 | AD64: 1600
C65: 56 | D65: 1853 | E65: CYNTHIA ANYANGO | F65: 0 | G65: 2200 | AD65: 2200
C66: 57 | D66: 1929 | E66: WINNIE AKINYI | F66: 0 | G66: 2200 | AD66: 2200
E67: TOTAL | F67: =SUM(F37:F66) | G67: =SUM(G37:G66) | H67: =SUM(H37:H50) | I67: =SUM(I37:I50) | J67: =SUM(J37:J50) | K67: =SUM(K37:K50) | L67: =SUM(L37:L50) | M67: =SUM(M37:M50) | N67: =SUM(N37:N50) | O67: =SUM(O37:O50) | ... Q67: =SUM(Q37:Q50) | R67: =SUM(R37:R66) | S67: =SUM(S37:S66) | T67: =SUM(T37:T66) | U67: =SUM(U37:U50) | V67: =SUM(V37:V66) | W67: =SUM(W37:W66) | X67: =SUM(X37:X66) | Y67: =SUM(Y37:Y66) | Z67: =SUM(Z37:Z66) | AA67: =SUM(AA37:AA66) | AB67: =SUM(AB37:AB66) | AC67: =SUM(AC37:AC66) | AD67: =SUM(AD37:AD66)
E69: TOTAL COLLECTION 2025 (3A) | F69: =SUM(R67,S67,T67,U67,V67,W67,X67,Y67,Z67,AB67,AC67)+G69 | G69: 21400
C70: KIREMBE SECONDARY SCHOOL.
C71: FEE REGISTER(LUNCH)2025 FORM 3 C | R71: 1ST TERM | W71: 2ND TERM | Z71: 3RD TERM
C72: NO. | D72: ADM | E72: NAME | G72: DEBT | R72: REPAYMENT
F73: ARREAS | G73: 2025 | R73: JAN | S73: FEB | T73: MAR | U73: APR | V73: MAY | W73: JUN | X73: JUL | Y73: AUG | Z73: SEP | AA73: OCT | AB73: NOV | AC73: PRE PAID | AD73: BALANCE
E74: BALANCE B/D | F74: =F67 | G74: =G67 | R74: =R67 | S74: =S67 | T74: =T67 | U74: =U67 | V74: =V67 | W74: =W67 | X74: =X67 | Y74: =Y67 | Z74: =Z67 | AB74: =AB67 | AC74: =AC67 | AD74: =AD67
C75: 1 | D75: 1606 | E75: KEVIN OUMA | F75: 2000 | G75: 2200 | T75: 500 | AD75: 3700
C76: 2 | D76: 1611 | E76: RICHARD OTIENO | F76: 800 | G76: 2200 | AD76: 3000
C77: 3 | D77: 1617 | E77: KENEDY OWITI | F77: 1700 | G77: 2200 | AD77: 3900
C78: 4 | D78: 1620 | E78: ROJAS ODANYA | F78: 2000 | G78: 2200 | AD78: 4200
C79: 5 | D79: 1624 | E79: PHILIP ODHIAMBO | F79: 600 | G79: 2200 | AD79: 2800
C80: 6 | D80: 1625 | E80: BRIAN ODHIAMBO | F80: 1900 | G80: 2200 | T80: 900 | AD80: 3200
C81: 7 | D81: 1627 | E81: VINCENT ODHIAMBO | F81: 1800 | G81: 2200 | AD81: 4000
C82: 8 | D82: 1630 | E82: JOHN OTIENO | F82: 600 | G82: 2200 | R82: 1500 | AD82: 1300
C83: 9 | D83: 1634 | E83: FELIX ODUOR | F83: 2000 | G83: 2200 | AD83: 4200
C84: 10 | D84: 1635 | E84: CALVINCE ODUOR | F84: 800 | G84: 2200 | S84: 700 | Y84: 400 | Z84: 600 | AD84: 1300
C85: 11 | D85: 1637 | E85: HILARY OTIENO | F85: 1500 | G85: 2200 | R85: 1300 | AD85: 2400
C86: 12 | D86: 1638 | E86: TRULY BRANDY | F86: 1400 | G86: 2200 | AD86: 3600
C87: 0 | D87: 1639 | E87: MOSES OTIENO | F87: 2000 | G87: 2200 | AD87: 4200
C88: 14 | D88: 1640 | E88: BRIAN OKOTH | F88: 600 | G88: 2200 | AD88: 2800
C89: 15 | D89: 1645 | E89: NEWTONE ONYANGO | G89: 2200 | X89: 500 | AD89: 1700
C90: 16 | D90: 1647 | E90: FIDEL CASTRO | F90: 2000 | G90: 2200 | AD90: 4200
C91: 17 | D91: 1651 | E91: JOSEPH OMONDI | F91: 900 | G91: 2200 | T91: 500 | AD91: 2600
C92: 19 | D92: 1653 | E92: MAURICE OUMA | F92: 250 | G92: 2200 | T92: 250 | AD92: 2200
C93: 20 | D93: 1658 | E93: EMMANUEL OTIENO | F93: 1400 | G93: 2200 | T93: 500 | AD93: 3100
C94: 21 | D94: 1664 | E94: FELIX OKELO | F94: 2000 | G94: 2200 | AD94: 4200
C95: 22 | D95: 1669 | E95: BENJAMIN ONYANGO | F95: 1600 | G95: 2200 | AD95: 3800
C96: 22 | D96: 1673 | E96: HILTON IMALI | F96: 1800 | G96: 2200 | R96: 1100 | AD96: 2900
C97: 23 | D97: 1675 | E97: ELVINCE OCHIENG | F97: 2000 | G97: 2200 | AD97: 4200
C98: 24 | D98: 1678 | E98: SHADRACK OUMA | F98: 2000 | G98: 2200 | T98: 100 | AD98: 4100
C99: 25 | D99: 1682 | E99: GEORGE AWANDO | F99: 1300 | G99: 2200 | R99: 200 | AD99: 3300
C100: 26 | D100: 1688 | E100: ROLLINGS OCHIENG | F100: 1400 | G100: 2200 | AD100: 3600
C101: 27 | D101: 1690 | E101: JEFF ODHIAMBO | F101: 2000 | G101: 2200 | AD101: 4200
E102: TOTAL | F102: =SUM(F74:F101) | G102: =SUM(G74:G101) | H102: =SUM(H74:H91) | I102: =SUM(I74:I91) | J102: =SUM(J74:J91) | K102: =SUM(K74:K91) | L102: =SUM(L74:L91) | M102: =SUM(M74:M91) | N102: =SUM(N74:N91) | O102: =SUM(O74:O91) | ... Q102: =SUM(Q74:Q91) | R102: =SUM(R74:R101) | S102: =SUM(S74:S101) | T102: =SUM(T74:T101) | U102: =SUM(U74:U101) | V102: =SUM(V74:V101) | W102: =SUM(W74:W101) | X102: =SUM(X74:X101) | Y102: =SUM(Y74:Y101) | ... AD102: =SUM(AD74:AD101)
...

Sheet FORM 3 2026
A1: KIREMBE SECONDARY SCHOOL.
A2: FEE REGISTER(LUNCH)2026 FORM 3 A | I2: 1ST TERM | L2: 2ND TERM | P2: 3RD TERM
A3: NO. | B3: ADM | C3: NAME | E3: DEBT | H3: REPAYMENT
D4: ARREAS | E4: 2026 | H4: JAN | I4: FEB | J4: MAR | K4: APR | L4: MAY | M4: JUN | N4: JUL | O4: AUG | P4: SEP | Q4: OCT | R4: NOV | S4: PRE PAID | T4: BALANCE
A5: 01 | B5: 1710 | C5: MARY ATIENO | D5: ='FORM 2 2025'!T5 | E5: 2200 | I5: 2400 | T5: =D5+SUM(E5:G5)-SUM(H5:S5)
A6: 02 | B6: 1712 | C6: ASHA LATIFA | D6: ='FORM 2 2025'!T6 | E6: 2200 | H6: 100 | T6: =D6+SUM(E6:G6)-SUM(H6:S6)
A7: 03 | B7: 1713 | C7: IVY AWUOR | D7: ='FORM 2 2025'!T7 | E7: 2200 | T7: =D7+SUM(E7:G7)-SUM(H7:S7)
A8: 04 | B8: 1716 | C8: JANE AKINYI | D8: ='FORM 2 2025'!T8 | E8: 2200 | T8: =D8+SUM(E8:G8)-SUM(H8:S8)
A9: 05 | B9: 1717 | C9: WILFRIDA ANYANGO | D9: ='FORM 2 2025'!T9 | E9: 2200 | P9: 2700 | T9: =D9+SUM(E9:G9)-SUM(H9:S9)
A10: 06 | B10: 1720 | C10: EFFEY IDA ACHIENG | D10: ='FORM 2 2025'!T10 | E10: 2200 | T10: =D10+SUM(E10:G10)-SUM(H10:S10)
A11: 07 | B11: 1722 | C11: MARION ANYANGO | D11: ='FORM 2 2025'!T11 | E11: 2200 | N11: 600 | T11: =D11+SUM(E11:G11)-SUM(H11:S11)
A12: 08 | B12: 1727 | C12: LYDIA AWUOR | D12: ='FORM 2 2025'!T12 | E12: 2200 | M12: 300 | T12: =D12+SUM(E12:G12)-SUM(H12:S12)
A13: 09 | B13: 1737 | C13: STACY ACHIENG | D13: ='FORM 2 2025'!T13 | E13: 2200 | N13: 600 | T13: =D13+SUM(E13:G13)-SUM(H13:S13)
A14: 11 | B14: 1747 | C14: CHRISTINE ATIENO | D14: ='FORM 2 2025'!T14 | E14: 2200 | N14: 1200
A15: 12 | B15: 1748 | C15: PAMELA AKINYI | D15: ='FORM 2 2025'!T15 | E15: 2200 | P15: 300 | T15: =D15+SUM(E15:G15)-SUM(H15:S15)
A16: 13 | B16: 1752 | C16: LAVINA INZIANI | D16: ='FORM 2 2025'!T16 | E16: 2200 | N16: 900 | T16: =D16+SUM(E16:G16)-SUM(H16:S16)
A17: 14 | B17: 1754 | C17: IRENE AKOTH | D17: ='FORM 2 2025'!T17 | E17: 2200 | P17: 2500 | T17: =D17+SUM(E17:G17)-SUM(H17:S17)
A18: 15 | B18: 1756 | C18: BERYL ATIENO | D18: ='FORM 2 2025'!T18 | E18: 2200 | P18: 250 | T18: =D18+SUM(E18:G18)-SUM(H18:S18)
A19: 16 | B19: 1757 | C19: CHRISTINE ACHIENG | D19: ='FORM 2 2025'!T19 | E19: 2200 | H19: 1000 | L19: 1800 | T19: =D19+SUM(E19:G19)-SUM(H19:S19)
A20: 17 | B20: 1758 | C20: SHELVIA AKINYI | D20: ='FORM 2 2025'!T20 | E20: 2200 | M20: 500 | T20: =D20+SUM(E20:G20)-SUM(H20:S20)
A21: 18 | B21: 1766 | C21: PURITY AWUOR | D21: ='FORM 2 2025'!T21 | E21: 2200 | T21: =D21+SUM(E21:F21)-SUM(H21:S21)
A22: 19 | B22: 1767 | C22: IRENE AKINYI | D22: ='FORM 2 2025'!T22 | E22: 2200 | H22: 800 | T22: =D22+SUM(E22:G22)-SUM(H22:S22)
A23: 20 | B23: 1770 | C23: IDA ACHIENG | D23: ='FORM 2 2025'!T23 | E23: 2200 | H23: 600 | T23: =D23+SUM(E23:G23)-SUM(H23:S23)
A24: 21 | B24: 1772 | C24: VALLARY AUMA | D24: ='FORM 2 2025'!T24 | E24: 2200 | H24: 300
A25: 15 | B25: 1774 | C25: DAVINE AWUOR | D25: ='FORM 2 2025'!T25 | E25: 2200 | T25: =D25+SUM(E25:G25)-SUM(H25:S25)
A26: 23 | B26: 1781 | C26: LOREEN ATARO | D26: ='FORM 2 2025'!T26 | E26: 2200 | H26: 800 | I26: 500 | T26: =D26+SUM(E26:G26)-SUM(H26:S26)
A27: 24 | B27: 1783 | C27: VIOLET AKINYI AKUKU | D27: ='FORM 2 2025'!T27 | E27: 2200 | H27: 100 | I27: 100 | T27: =D27+SUM(E27:G27)-SUM(H27:S27)
A28: 25 | B28: 1786 | C28: MAGRET AKINYI | D28: ='FORM 2 2025'!T28 | E28: 2200 | H28: 200 | T28: =D28+SUM(E28:G28)-SUM(H28:S28)
A29: 26 | B29: 1787 | C29: SUSAN ADHIAMBO | D29: ='FORM 2 2025'!T29 | E29: 2200 | T29: =D29+SUM(E29:G29)-SUM(H29:S29)
A30: 27 | B30: 1789 | C30: PEREZ ATIENO | D30: ='FORM 2 2025'!T30 | E30: 2200 | H30: 200 | T30: =D30+SUM(E30:G30)-SUM(H30:S30)
C31: TOTAL | D31: =SUM(D5:D30) | E31: =SUM(E1:E27) | F31: =SUM(F5:F30) | G31: =SUM(G5:G30) | H31: =SUM(H5:H30) | I31: =SUM(I5:I30) | J31: =SUM(J5:J30) | K31: =SUM(K5:K30) | L31: =SUM(L5:L30) | M31: =SUM(M5:M30) | ... T31: =SUM(T5:T30)
A35: KIREMBE SECONDARY SCHOOL.
A36: REMEDIAL PAYMENTS (FORM 3 A) | I36: 1ST TERM | L36: 2ND TERM | P36: 3RD TERM
A37: NO. | B37: ADM | C37: NAME | E37: DEBT | H37: REPAYMENT
D38: ARREAS | E38: 2026 | H38: JAN | I38: FEB | J38: MAR | K38: APR | L38: MAY | M38: JUN | N38: JUL | O38: AUG | P38: SEP | Q38: OCT | R38: NOV | S38: PRE PAID | T38: BALANCE
B39: 1 | C39: BALANCE B/D | D39: =D31 | E39: =E31 | H39: =H31 | I39: =I31 | J39: =J31 | K39: =K31 | L39: =L31 | M39: =M31 | N39: =N31 | O39: =O31 | ... T39: =T31
A40: 28 | B40: 1793 | C40: STACY ADHIAMBO | D40: ='FORM 2 2025'!T40 | E40: 2200 | H40: 0 | T40: =D40+SUM(E40:G40)-SUM(H40:S40)
A41: 29 | B41: 1794 | C41: SCOVIAN AKINYI | D41: ='FORM 2 2025'!T41 | E41: 2200 | H41: 0 | T41: =D41+SUM(E41:G41)-SUM(H41:S41)
A42: 30 | B42: 1797 | C42: LUDY ATIENO | D42: ='FORM 2 2025'!T42 | E42: 2200 | P42: 750 | T42: =D42+SUM(E42:G42)-SUM(H42:S42)
A43: 31 | B43: 1802 | C43: STACY .A.OTUOMA | D43: ='FORM 2 2025'!T43 | E43: 2200 | H43: 0 | T43: =D43+SUM(E43:G43)-SUM(H43:S43)
A44: 32 | B44: 1815 | C44: RECHO ATIENO | D44: ='FORM 2 2025'!T44 | E44: 2200 | H44: 0 | T44: =D44+SUM(E44:G44)-SUM(H44:S44)
A45: 33 | B45: 1818 | C45: MILDRED ATIENO | D45: ='FORM 2 2025'!T45 | E45: 2200 | H45: 0 | T45: =D45+SUM(E45:F45)-SUM(H45:S45)
A46: 34 | B46: 1819 | C46: MITCHEL ATIENO | D46: ='FORM 2 2025'!T46 | E46: 2200 | M46: 1500
A47: 36 | B47: 1828 | C47: JANE ATIENO | D47: ='FORM 2 2025'!T47 | E47: 2200 | H47: 800
A48: 37 | B48: 1831 | C48: TRACY A OCHIENG | D48: ='FORM 2 2025'!T48 | E48: 2200 | H48: 0 | T48: =D48+SUM(E48:G48)-SUM(H48:S48)
A49: 38 | B49: 1836 | C49: EDEL ATIENO | D49: ='FORM 2 2025'!T49 | E49: 2200 | H49: 0 | T49: =D49+SUM(E49:G49)-SUM(H49:S49)
A50: 39 | B50: 1839 | C50: CAROLINE AKINYI | D50: ='FORM 2 2025'!T50 | E50: 2200 | P50: 2200 | T50: =D50+SUM(E50:G50)-SUM(H50:S50)
A51: 40 | B51: 1840 | C51: LATIFA ABUBAKAR | D51: ='FORM 2 2025'!T51 | E51: 2200 | H51: 0 | T51: =D51+SUM(E51:G51)-SUM(H51:S51)
A52: 41 | B52: 1844 | C52: BETTY ODERA | D52: ='FORM 2 2025'!T52 | E52: 2200 | H52: 0 | T52: =D52+SUM(E52:G52)-SUM(H52:S52)
A53: 42 | B53: 1846 | C53: MITCHEL AUMA | D53: ='FORM 2 2025'!T53 | E53: 2200 | H53: 0 | T53: =D53+SUM(E53:G53)-SUM(H53:S53)
A54: 43 | B54: 1851 | C54: LIZA BROWN | D54: ='FORM 2 2025'!T54 | E54: 2200 | H54: 100 | T54: =D54+SUM(E54:G54)-SUM(H54:S54)
A55: 44 | B55: 1858 | C55: JOY AKINYI | D55: ='FORM 2 2025'!T55 | E55: 2200 | H55: 0 | T55: =D55+SUM(E55:G55)-SUM(H55:S55)
A56: 45 | B56: 1912 | C56: ATIENO CHERYL | E56: 2200 | O56: 400 | P56: 1800 | T56: =D56+SUM(E56:G56)-SUM(H56:S56)
A57: 44 | B57: 1913 | C57: ONYANGO EVLYNE | E57: 2200 | H57: 0 | T57: =D57+SUM(E57:G57)-SUM(H57:S57)
A58: 46 | B58: 1914 | C58: GRACE ATIENO | E58: 2200 | P58: 200 | T58: =D58+SUM(E58:G58)-SUM(H58:S58)
H59: 0
H60: 0
H61: 0 | T61: =D61+SUM(E61:G61)-SUM(H61:S61)
H62: 0
H63: 0
H64: 0
H65: 0
H66: 0
H67: 0
H68: 0
H69: 0
H70: 0
H71: 0
H72: 0
H73: 0
H74: 0
C76: TOTAL | D76: =SUM(D39:D61) | E76: =SUM(E39:E61) | F76: =SUM(F39:F52) | G76: =SUM(G39:G52) | H76: =SUM(H39:H61) | I76: =SUM(I39:I61) | J76: =SUM(J39:J61) | K76: =SUM(K39:K52) | L76: =SUM(L39:L61) | M76: =SUM(M39:M61) | N76: =SUM(N39:N61) | O76: =SUM(O39:O61) | P76: =SUM(P39:P61) | Q76: =SUM(Q39:Q61) | R76: =SUM(R39:R61) | S76: =SUM(S39:S61) | T76: =SUM(T39:T61)
C79: TOTAL COLLECTION 2026 (3A) | D79: =SUM(H76,I76,J76,K76,L76,M76,N76,O76,P76,Q76,R76,S76)+E79 | E79: 3700 | F79: 1300
A99: KIREMBE SECONDARY SCHOOL.
A100: FEE REGISTER(LUNCH)2026 FORM 3 C | H100: 1ST TERM | M100: 2ND TERM | P100: 3RD TERM
A101: NO. | B101: ADM | C101: NAME | E101: DEBT | H101: REPAYMENT
D102: ARREAS | E102: 2026 | H102: JAN | I102: FEB | J102: MAR | K102: APR | L102: MAY | M102: JUN | N102: JUL | O102: AUG | P102: SEP | Q102: OCT | R102: NOV | S102: PRE PAID | T102: BALANCE
D103: =D76 | E103: =E76 | H103: =H76 | I103: =I76 | J103: =J76 | K103: =K76 | L103: =L76 | M103: =M76 | N103: =N76 | O103: =O76 | ... T103: =T76
B104: 1652 | C104: BONVENTURE ODHIAMBO | D104: ='FORM 2 2025'!T104 | E104: 2200 | H104: 0 | I104: 0 | T104: =D104+SUM(E104:G104)-SUM(H104:S104)
A105: 1 | B105: 1708 | C105: JAMES OMONDI | D105: ='FORM 2 2025'!T105 | E105: 2200 | H105: 0 | I105: 0 | T105: =D105+SUM(E105:G105)-SUM(H105:S105)
A106: 2 | B106: 1709 | C106: VINNIE NGACHARA | D106: ='FORM 2 2025'!T106 | E106: 2200 | N106: 1100
A107: 3 | B107: 1711 | C107: RAJAB OMONDI | D107: ='FORM 2 2025'!T107 | E107: 2200 | H107: 0 | I107: 0 | T107: =D107+SUM(E107:G107)-SUM(H107:S107)
A108: 140 | B108: 1714 | C108: JOANES OUKO | D108: ='FORM 2 2025'!T108 | E108: 2200 | M108: 200 | T108: =D108+SUM(E108:G108)-SUM(H108:S108)
A109: 5 | B109: 1715 | C109: MICHAEL OCHIENG | D109: ='FORM 2 2025'!T109 | E109: 2200 | N109: 200 | T109: =D109+SUM(E109:G109)-SUM(H109:S109)
A110: 6 | B110: 1718 | C110: HILARY OTIENO | D110: ='FORM 2 2025'!T110 | E110: 2200 | H110: 0 | I110: 0 | T110: =D110+SUM(E110:G110)-SUM(H110:S110)
A111: 7 | B111: 1719 | C111: TONY OTIENO | D111: ='FORM 2 2025'!T111 | E111: 4400 | N111: 750 | T111: =D111+SUM(E111:G111)-SUM(H111:S111)
A112: 8 | B112: 1721 | C112: FIDEL CLINTON | D112: ='FORM 2 2025'!T112 | E112: 2200 | H112: 0 | I112: 0 | T112: =D112+SUM(E112:G112)-SUM(H112:S112)
A113: 9 | B113: 1724 | C113: DANIEL OMINDE | D113: ='FORM 2 2025'!T113 | E113: 2200 | H113: 650 | T113: =D113+SUM(E113:G113)-SUM(H113:S113)
A114: 10 | B114: 1725 | C114: MICHAEL SULE | D114: ='FORM 2 2025'!T114 | E114: 2200 | H114: 0 | I114: 0 | T114: =D114+SUM(E114:G114)-SUM(H114:S114)
A115: 11 | B115: 1726 | C115: MACLAREN KYALO | D115: ='FORM 2 2025'!T115 | E115: 2200 | M115: 500 | T115: =D115+SUM(E115:G115)-SUM(H115:S115)
A116: 12 | B116: 1728 | C116: PATRICK OCHIENG | D116: ='FORM 2 2025'!T116 | E116: 2200 | P116: 700 | T116: =D116+SUM(E112:G116)-SUM(H116:S116)
A117: 14 | B117: 1730 | C117: EMMANUEL ODHIAMBO | D117: ='FORM 2 2025'!T117 | E117: 2200 | H117: 0 | I117: 0 | T117: =D117+SUM(E117:G117)-SUM(H117:S117)
A118: 15 | B118: 1731 | C118: EMMANUEL OCHIENG | D118: ='FORM 2 2025'!T118 | E118: 2200 | P118: 100 | T118: =D118+SUM(E118:G118)-SUM(H118:S118)
A119: 16 | B119: 1732 | C119: MOURICE OUMA | D119: ='FORM 2 2025'!T119 | E119: 2200 | H119: 100 | T119: =D119+SUM(E119:G119)-SUM(H119:S119)
A120: 17 | B120: 1733 | C120: BILL CLINTON | D120: ='FORM 2 2025'!T120 | E120: 2200 | P120: 450 | T120: =D120+SUM(E120:G120)-SUM(H120:S120)
A121: 18 | B121: 1734 | C121: EVANCE ODHIAMBO | D121: ='FORM 2 2025'!T121 | E121: 2200 | P121: 950 | T121: =D121+SUM(E121:G121)-SUM(H121:S121)
A122: 19 | B122: 1735 | C122: BROLING OBONG'O | D122: ='FORM 2 2025'!T122 | E122: 2200 | P122: 1500 | T122: =D122+SUM(E122:G122)-SUM(H122:S122)
A123: 20 | B123: 1736 | C123: HENRY OKETCH | D123: ='FORM 2 2025'!T123 | E123: 2200 | H123: 0 | I123: 0 | T123: =D123+SUM(E123:G123)-SUM(H123:S123)
A124: 21 | B124: 1738 | C124: RENSON ODHIAMBO | D124: ='FORM 2 2025'!T124 | E124: 2200 | P124: 200 | T124: =D124+SUM(E124:G124)-SUM(H124:S124)
A125: 22 | B125: 1739 | C125: DANCAN OWINO | D125: ='FORM 2 2025'!T125 | E125: 2200 | H125: 0 | I125: 0 | L125: 100 | T125: =D125+SUM(E125:G125)-SUM(H125:S125)
...

Sheet FORM 4 2026
C1: KIREMBE SECONDARY SCHOOL.
C2: FEE REGISTER(LUNCH)2026 FORM 4 A | S2: 1ST TERM | V2: 2ND TERM | Z2: 3RD TERM
C3: NO. | D3: ADM | E3: NAME | G3: DEBT | R3: REPAYMENT
F4: ARREAS | G4: 2026 | R4: JAN | S4: FEB | T4: MAR | U4: APR | V4: MAY | W4: JUN | X4: JUL | Y4: AUG | Z4: SEP | AA4: OCT | AB4: NOV | AC4: PRE PAID | AD4: BALANCE
C5: 1 | D5: 1594 | E5: MARY ANYANGO | F5: 4200 | G5: 2200 | AD5: =F5+SUM(G5:Q5)-SUM(R5:AC5)
C6: 2 | D6: 1607 | E6: ELIZABETH ACHIENG | F6: 2200 | G6: 2200 | W6: 200 | AD6: =F6+SUM(G6:Q6)-SUM(R6:AC6)
C7: 3 | D7: 1608 | E7: MICHELLE .M.AKWARE | F7: 3200 | G7: 2200 | T7: 500 | W7: 1000 | AD7: =F7+SUM(G7:Q7)-SUM(R7:AC7)
C8: 4 | D8: 1610 | E8: BENEDETTE AWINO | F8: 3600 | G8: 2200 | AD8: =F8+SUM(G8:Q8)-SUM(R8:AC8)
C9: 5 | D9: 1613 | E9: IDA ADHIAMBO | F9: 1900 | G9: 2200 | W9: 1000 | AD9: =F9+SUM(G9:Q9)-SUM(R9:AC9)
C10: 6 | D10: 1614 | E10: MILLICENT .A. ONDU | F10: 650 | G10: 2200 | R10: 600 | S10: 450 | T10: 400 | U10: 780 | V10: 620 | AD10: =F10+SUM(G10:Q10)-SUM(R10:AC10)
C11: 7 | D11: 1618 | E11: YVONE ACHIENG | F11: 4200 | G11: 2200 | AD11: =F11+SUM(G11:Q11)-SUM(R11:AC11)
C12: 8 | D12: 1619 | E12: JANET ODANYA | F12: 2100 | G12: 2200 | AD12: =F12+SUM(G12:Q12)-SUM(R12:AC12)
C13: 9 | D13: 1622 | E13: PAULINE ADHIAMBO | F13: 1700 | G13: 2200 | AD13: =F13+SUM(G13:Q13)-SUM(R13:AC13)
C14: 10 | D14: 1623 | E14: EFFIE AWINO | F14: -800 | G14: 2200 | W14: 500 | AD14: =F14+SUM(G14:Q14)-SUM(R14:AC14)
C15: 11 | D15: 1626 | E15: MARCY ADHIAMBO | F15: 4400 | G15: 2200 | X15: 550 | AD15: =F15+SUM(G15:Q15)-SUM(R15:AC15)
C16: 12 | D16: 1628 | E16: ANN MICHELL OCHUKA | F16: -300 | G16: 2200 | R16: 500 | S16: 800 | T16: 100 | AD16: =F16+SUM(G16:Q16)-SUM(R16:AC16)
C17: 13 | D17: 1631 | E17: EVERLYNE ATIENO | F17: 3500 | G17: 2200 | AD17: =F17+SUM(G17:Q17)-SUM(R17:AC17)
C18: 14 | D18: 1642 | E18: FLORENCE ATIENO | F18: 1700 | G18: 2200 | AD18: =F18+SUM(G18:Q18)-SUM(R18:AC18)
C19: 15 | D19: 1643 | E19: JOYCE ATIENO | F19: 1600 | G19: 2200 | W19: 500 | AD19: =F19+SUM(G19:Q19)-SUM(R19:AC19)
C20: 16 | D20: 1644 | E20: ANNA ATIENO OTIENO | F20: 4200 | G20: 2200 | AD20: =F20+SUM(G20:Q20)-SUM(R20:AC20)
C21: 17 | D21: 1646 | E21: JULIAN ADONGO | F21: 800 | G21: 2200 | AD21: =F21+SUM(G21:Q21)-SUM(R21:AC21)
C22: 18 | D22: 1648 | E22: BECKY AKINYI | F22: 3850 | G22: 2200 | W22: 50 | AD22: =F22+SUM(G22:Q22)-SUM(R22:AC22)
C23: 19 | D23: 1649 | E23: VIVIAN AYAKO | F23: 600 | G23: 2200 | W23: 100 | AD23: =F23+SUM(G23:Q23)-SUM(R23:AC23)
C24: 20 | D24: 1654 | E24: MITCHEL AUMA | F24: 3450 | G24: 2200 | AD24: =F24+SUM(G24:Q24)-SUM(R24:AC24)
C25: 21 | D25: 1655 | E25: MILLICENT OCHUKA | F25: 3800 | G25: 2200 | W25: 200 | AD25: =F25+SUM(G25:Q25)-SUM(R25:AC25)
C26: 22 | D26: 1660 | E26: FAITH MARION | F26: 3250 | G26: 2200 | W26: 300 | AD26: =F26+SUM(G26:Q26)-SUM(R26:AC26)
C27: 23 | D27: 1661 | E27: LILIAN ADONGO | F27: 3150 | G27: 2200 | W27: 100 | AD27: =F27+SUM(G27:Q27)-SUM(R27:AC27)
C28: 24 | D28: 1662 | E28: MARCELINE AWUOR | F28: 4000 | G28: 2200 | W28: 300 | AD28: =F28+SUM(G28:Q28)-SUM(R28:AC28)
C29: 25 | D29: 1665 | E29: BRENDA AWUOR | F29: 2500 | G29: 2200 | W29: 800 | AD29: =F29+SUM(G29:Q29)-SUM(R29:AC29)
C30: 26 | D30: 1666 | E30: PAMELA AOKO | F30: 4200 | G30: 2200 | V30: 400 | AD30: =F30+SUM(G30:Q30)-SUM(R30:AC30)
E31: TOTAL | F31: =SUM(F5:F30) | G31: =SUM(G5:G30) | H31: =SUM(H5:H23) | I31: =SUM(I5:I23) | J31: =SUM(J5:J23) | K31: =SUM(K5:K23) | L31: =SUM(L5:L23) | M31: =SUM(M5:M23) | N31: =SUM(N5:N23) | O31: =SUM(O5:O23) | ... Q31: =SUM(Q5:Q23) | R31: =SUM(R5:R30) | S31: =SUM(S5:S30) | T31: =SUM(T5:T30) | U31: =SUM(U5:U30) | V31: =SUM(V5:V30) | W31: =SUM(W5:W30) | X31: =SUM(X5:X30) | Y31: =SUM(Y5:Y30) | ... AD31: =SUM(AD5:AD30)
C33: KIREMBE SECONDARY SCHOOL.
C34: FEE REGISTER(LUNCH)2026 FORM 4A | S34: 1ST TERM | V34: 2ND TERM | Z34: 3RD TERM
C35: NO. | D35: ADM | E35: NAME | G35: DEBT | R35: REPAYMENT
F36: ARREAS | G36: 2026 | R36: JAN | S36: FEB | T36: MAR | U36: APR | V36: MAY | W36: JUN | X36: JUL | Y36: AUG | Z36: SEP | AA36: OCT | AB36: NOV | AC36: PRE PAID | AD36: BALANCE
F37: =F31 | G37: =G31 | R37: =R31 | S37: =S31 | T37: =T31 | U37: =U31 | V37: =V31 | W37: =W31 | X37: =X31 | Y37: =Y31 | Z37: =Z31 | AC37: =AC31 | AD37: =AD31
C38: 27 | D38: 1667 | E38: PHILISTER ATIENO | F38: 2700 | G38: 2200 | AD38: =F38+SUM(G38:Q38)-SUM(R38:AC38)
C39: 28 | D39: 1668 | E39: REHEMA ACHIENG | F39: 3050 | G39: 2200 | R39: 1000 | S39: 1000 | AD39: =F39+SUM(G39:Q39)-SUM(R39:AC39)
C40: 29 | D40: 1672 | E40: MORREL AKINYI | F40: 4100 | G40: 2200 | AD40: =F40+SUM(G40:Q40)-SUM(R40:AC40)
C41: 30 | D41: 1676 | E41: CYNTHIA WEKESA | F41: 3050 | G41: 2200 | W41: 200 | AD41: =F41+SUM(G41:Q41)-SUM(R41:AC41)
C42: 31 | D42: 1677 | E42: VIVIAN JEBET | F42: 2100 | G42: 2200 | X42: 500 | AD42: =F42+SUM(G42:Q42)-SUM(R42:AC42)
C43: 32 | D43: 1680 | E43: JONNEL ASINA | F43: 4200 | G43: 2200 | AD43: =F43+SUM(G43:N43)-SUM(R43:AC43)
C44: 33 | D44: 1681 | E44: EMMECULATE AWUOR | F44: 4200 | G44: 2200 | AD44: =F44+SUM(G44:Q44)-SUM(R44:AC44)
C45: 34 | D45: 1683 | E45: LUCY ANYANGO | F45: 3100 | G45: 2200 | AD45: =F45+SUM(G45:Q45)-SUM(R45:AC45)
C46: 35 | D46: 1684 | E46: PURITY AKINYI | G46: 2200 | AD46: =F46+SUM(G46:Q46)-SUM(R46:AC46)
C47: 36 | D47: 1686 | E47: TRIZER ATIENO | F47: 2800 | G47: 2200 | AD47: =F47+SUM(G47:Q47)-SUM(R47:AC47)
C48: 37 | D48: 1687 | E48: MAUREEN OUMA | F48: 3800 | G48: 2200 | AD48: =F48+SUM(G48:Q48)-SUM(R48:AC48)
C49: 38 | D49: 1691 | E49: WHITNEY OCCHIENG | F49: 3800 | G49: 2200 | AD49: =F49+SUM(G49:Q49)-SUM(R49:AC49)
C50: 39 | D50: 1692 | E50: SAUMU AWINO | F50: 3600 | G50: 2200 | AD50: =F50+SUM(G50:Q50)-SUM(R50:AC50)
C51: 40 | D51: 1694 | E51: MARYANE ACHIENG | F51: 4000 | G51: 2200 | AD51: =F51+SUM(G51:Q51)-SUM(R51:AC51)
C52: 41 | D52: 1697 | E52: VIVIAN AOKO | F52: 1900 | G52: 2200 | AD52: =F52+SUM(G52:Q52)-SUM(R52:AC52)
C53: 42 | D53: 1703 | E53: VANESSA AWINO | F53: 2200 | G53: 2200 | AD53: =F53+SUM(G53:Q53)-SUM(R53:AC53)
C54: 43 | D54: 1773 | E54: VERONICA ANINDO | F54: 700 | G54: 2200 | X54: 2900 | AD54: =F54+SUM(G54:Q54)-SUM(R54:AC54)
C55: 44 | D55: 1806 | E55: IDA AKINYI | F55: 0 | G55: 2200 | W55: 1600 | AD55: =F55+SUM(G55:Q55)-SUM(R55:AC55)
C56: 45 | D56: 1811 | E56: FLORENCE ODHIAMBO | F56: 2900 | G56: 2200 | AD56: =F56+SUM(G56:Q56)-SUM(R56:AC56)
C57: 46 | D57: 1814 | E57: SHEILA AKOTH | F57: 2700 | G57: 2200 | W57: 300 | AD57: =F57+SUM(G57:Q57)-SUM(R57:AC57)
C58: 47 | D58: 1816 | E58: MELVIN AWINO | F58: 2400 | G58: 2200 | AD58: =F58+SUM(G58:Q58)-SUM(R58:AC58)
C59: 49 | D59: 1832 | E59: BENTER ANYANGO | F59: 1500 | G59: 2200 | AD59: =F59+SUM(G59:Q59)-SUM(R59:AC59)
C60: 50 | D60: 1835 | E60: HAIRIA AKUMU | F60: 1400 | G60: 2200 | R60: 700 | S60: 1000 | AD60: =F60+SUM(G60:Q60)-SUM(R60:AC60)
C61: 51 | D61: 1847 | E61: STACY AUMA | F61: 1400 | G61: 2200 | AD61: =F561+SUM(G61:Q61)-SUM(R61:AC61)
C62: 52 | D62: 1849 | E62: MACRINE AUMA | F62: 1400 | G62: 2200 | R62: 800 | S62: 1400 | AD62: =F62+SUM(G62:Q62)-SUM(R62:AC62)
C63: 53 | D63: 1850 | E63: SHARON WESONGA | F63: 1400 | G63: 2200 | X63: 700 | AD63: =F63+SUM(G63:Q63)-SUM(R63:AC63)
C64: 55 | D64: 1852 | E64: MONICA OUMA | F64: 1400 | G64: 2200 | W64: 200 | AD64: =F64+SUM(G64:Q64)-SUM(R64:AC64)
D65: 1853 | E65: CYNTHIA ANYANGO | F65: 1400 | G65: 2200 | W65: 800 | AD65: =F65+SUM(G65:Q65)-SUM(R65:AC65)
C66: 56 | D66: 1929 | E66: WINNIE AKINYI | F66: 0 | G66: 2200 | X66: 1200 | AD66: =F66+SUM(G66:Q66)-SUM(R66:AC66)
E67: TOTAL | F67: =SUM(F37:F66) | G67: =SUM(G37:G66) | H67: =SUM(H37:H50) | I67: =SUM(I37:I50) | J67: =SUM(J37:J50) | K67: =SUM(K37:K50) | L67: =SUM(L37:L50) | M67: =SUM(M37:M50) | N67: =SUM(N37:N50) | O67: =SUM(O37:O50) | ... Q67: =SUM(Q37:Q50) | R67: =SUM(R37:R66) | S67: =SUM(S37:S66) | T67: =SUM(T37:T66) | U67: =SUM(U37:U50) | V67: =SUM(V37:V66) | W67: =SUM(W37:W66) | X67: =SUM(X37:X66) | Y67: =SUM(Y37:Y66) | Z67: =SUM(Z37:Z66) | AA67: =SUM(AA37:AA66) | AB67: =SUM(AB37:AB66) | AC67: =SUM(AC37:AC66) | AD67: =SUM(AD37:AD66)
E68: TOTAL COLLECTION 2026 (4A) | F68: =SUM(R67,S67,T67,U67,V67,W67,X67,Y67,Z67,AA67,AB67,AC67)+G68 | G68: 3000
C71: KIREMBE SECONDARY SCHOOL.
C72: FEE REGISTER(LUNCH)2026 FORM 4 C | R72: 1ST TERM | W72: 2ND TERM | Z72: 3RD TERM
C73: NO. | D73: ADM | E73: NAME | G73: DEBT | R73: REPAYMENT
F74: ARREAS | G74: 2026 | R74: JAN | S74: FEB | T74: MAR | U74: APR | V74: MAY | W74: JUN | X74: JUL | Y74: AUG | Z74: SEP | AA74: OCT | AB74: NOV | AC74: PRE PAID | AD74: BALANCE
E75: BALANCE B/D | F75: =F67 | G75: =G67 | R75: =R67 | S75: =S67 | T75: =T75 | U75: =U75 | V75: =V75 | W75: =W75 | X75: =X75 | Y75: =Y75 | Z75: =Z75 | AB75: =AB75 | AC75: =AC67 | AD75: =AD67
C76: 1 | D76: 1606 | E76: KEVIN OUMA | F76: 3700 | G76: 2200 | AD76: =F76+SUM(G76:Q76)-SUM(R76:AC76)
C77: 2 | D77: 1611 | E77: RICHARD OTIENO | F77: 3000 | G77: 2200 | T77: 1000 | AD77: =F77+SUM(G77:Q77)-SUM(R77:AC77)
C78: 3 | D78: 1617 | E78: KENEDY OWITI | F78: 3900 | G78: 2200 | AD78: =F78+SUM(G78:Q78)-SUM(R78:AC78)
C79: 4 | D79: 1620 | E79: ROJAS ODANYA | F79: 4200 | G79: 2200 | AD79: =F79+SUM(G79:Q79)-SUM(R79:AC79)
C80: 5 | D80: 1624 | E80: PHILIP ODHIAMBO | F80: 2800 | G80: 2200 | AD80: =F80+SUM(G80:Q80)-SUM(R80:AC80)
C81: 6 | D81: 1625 | E81: BRIAN ODHIAMBO | F81: 3200 | G81: 2200 | AD81: =F81+SUM(G81:Q81)-SUM(R81:AC81)
C82: 7 | D82: 1627 | E82: VINCENT ODHIAMBO | F82: 4000 | G82: 2200 | AD82: =F82+SUM(G82:Q82)-SUM(R82:AC82)
C83: 8 | D83: 1630 | E83: JOHN OTIENO | F83: 1300 | G83: 2200 | AD83: =F83+SUM(G83:Q83)-SUM(R83:AC83)
C84: 9 | D84: 1634 | E84: FELIX ODUOR | F84: 4200 | G84: 2200 | AD84: =F84+SUM(G84:Q84)-SUM(R84:AC84)
C85: 10 | D85: 1635 | E85: CALVINCE ODUOR | F85: 1300 | G85: 2200 | T85: 500 | AD85: =F85+SUM(G85:Q85)-SUM(R85:AC85)
C86: 11 | D86: 1637 | E86: HILARY OTIENO | F86: 2400 | G86: 2200 | AD86: =F86+SUM(G86:N86)-SUM(R86:AC86)
C87: 12 | D87: 1638 | E87: TRULY BRANDY | F87: 3600 | G87: 2200 | AD87: =F87+SUM(G87:Q87)-SUM(R87:AC87)
C88: 0 | D88: 1639 | E88: MOSES OTIENO | F88: 4200 | G88: 2200 | AD88: =F88+SUM(G88:Q88)-SUM(R88:AC88)
C89: 14 | D89: 1640 | E89: BRIAN OKOTH | F89: 2800 | G89: 2200 | AD89: =F89+SUM(G89:Q89)-SUM(R89:AC89)
C90: 15 | D90: 1645 | E90: NEWTONE ONYANGO | F90: 1700 | G90: 2200 | AD90: =F90+SUM(G90:Q90)-SUM(R90:AC90)
C91: 16 | D91: 1647 | E91: FIDEL CASTRO | F91: 4200 | G91: 2200 | AD91: =F91+SUM(G91:Q91)-SUM(R91:AC91)
C92: 17 | D92: 1651 | E92: JOSEPH OMONDI | F92: 2600 | G92: 2200 | T92: 600 | AD92: =F92+SUM(G92:Q92)-SUM(R92:AC92)
C93: 19 | D93: 1653 | E93: MAURICE OUMA | F93: 2200 | G93: 2200 | X93: 1000 | AD93: =F93+SUM(G93:Q93)-SUM(R93:AC93)
C94: 20 | D94: 1658 | E94: EMMANUEL OTIENO | F94: 3100 | G94: 2200 | AD94: =F94+SUM(G94:Q94)-SUM(R94:AC94)
C95: 21 | D95: 1664 | E95: FELIX OKELO | F95: 4200 | G95: 2200 | AD95: =F95+SUM(G95:Q95)-SUM(R95:AC95)
C96: 22 | D96: 1669 | E96: BENJAMIN ONYANGO | F96: 3800 | G96: 2200 | AD96: =F96+SUM(G96:Q96)-SUM(R96:AC96)
C97: 22 | D97: 1673 | E97: HILTON IMALI | F97: 2900 | G97: 2200 | AD97: =F97+SUM(G97:Q97)-SUM(R97:AC97)
C98: 23 | D98: 1675 | E98: ELVINCE OCHIENG | F98: 4200 | G98: 2200 | AD98: =F98+SUM(G98:Q98)-SUM(R98:AC98)
C99: 24 | D99: 1678 | E99: SHADRACK OUMA | F99: 4100 | G99: 2200 | AD99: =F99+SUM(G99:Q99)-SUM(R99:AC99)
C100: 25 | D100: 1682 | E100: GEORGE AWANDO | F100: 3300 | G100: 2200 | AD100: =F100+SUM(G100:Q100)-SUM(R100:AC100)
C101: 26 | D101: 1688 | E101: ROLLINGS OCHIENG | F101: 3600 | G101: 2200 | AD101: =F101+SUM(G101:Q101)-SUM(R101:AC101)
C102: 27 | D102: 1690 | E102: JEFF ODHIAMBO | F102: 4200 | G102: 2200 | AD102: =F102+SUM(G102:Q102)-SUM(R102:AC102)
E103: TOTAL | F103: =SUM(F75:F102) | G103: =SUM(G75:G102) | H103: =SUM(H75:H92) | I103: =SUM(I75:I92) | J103: =SUM(J75:J92) | K103: =SUM(K75:K92) | L103: =SUM(L75:L92) | M103: =SUM(M75:M92) | N103: =SUM(N75:N92) | O103: =SUM(O75:O92) | ... Q103: =SUM(Q75:Q92) | R103: =SUM(R75:R102) | S103: =SUM(S75:S102) | T103: =SUM(T75:T102) | U103: =SUM(U75:U102) | V103: =SUM(V75:V102) | W103: =SUM(W75:W102) | X103: =SUM(X75:X102) | Y103: =SUM(Y75:Y102) | ... AD103: =SUM(AD75:AD102)
...
